<metadata xml:lang="en"><Esri><CreaDate>20240902</CreaDate><CreaTime>15493800</CreaTime><ArcGISFormat>1.0</ArcGISFormat><SyncOnce>FALSE</SyncOnce><DataProperties><itemProps><itemName Sync="TRUE">DIY_34_ADMINISTRASIKEC_AR</itemName><imsContentType Sync="TRUE" export="False">002</imsContentType><itemLocation><linkage Sync="TRUE">file://\\PERWIRA-ROG\D$\WORK\2024\BAPPEDA DIY\DATA\DATA OLAH\_DATA GEOPORTAL 2024\_BATAS ADMIN\DIY_34_ADMINISTRASIKEC_AR.shp</linkage><protocol Sync="TRUE">Local Area Network</protocol></itemLocation><itemSize Sync="TRUE">0.000</itemSize></itemProps><coordRef><type Sync="TRUE">Projected</type><geogcsn Sync="TRUE">SRGI2013</geogcsn><csUnits Sync="TRUE">Linear Unit: Meter (1.000000)</csUnits><projcsn Sync="TRUE">SRGI2013_UTM_zone_49S</projcsn><peXml Sync="TRUE">&lt;ProjectedCoordinateSystem xsi:type='typens:ProjectedCoordinateSystem' xmlns:xsi='http://www.w3.org/2001/XMLSchema-instance' xmlns:xs='http://www.w3.org/2001/XMLSchema' xmlns:typens='http://www.esri.com/schemas/ArcGIS/3.2.0'&gt;&lt;WKT&gt;PROJCS[&amp;quot;SRGI2013_UTM_zone_49S&amp;quot;,GEOGCS[&amp;quot;SRGI2013&amp;quot;,DATUM[&amp;quot;Sistem_Referensi_Geospasial_Indonesia_2013&amp;quot;,SPHEROID[&amp;quot;WGS_1984&amp;quot;,6378137.0,298.257223563]],PRIMEM[&amp;quot;Greenwich&amp;quot;,0.0],UNIT[&amp;quot;Degree&amp;quot;,0.0174532925199433]],PROJECTION[&amp;quot;Transverse_Mercator&amp;quot;],PARAMETER[&amp;quot;False_Easting&amp;quot;,500000.0],PARAMETER[&amp;quot;False_Northing&amp;quot;,10000000.0],PARAMETER[&amp;quot;Central_Meridian&amp;quot;,111.0],PARAMETER[&amp;quot;Scale_Factor&amp;quot;,0.9996],PARAMETER[&amp;quot;Latitude_Of_Origin&amp;quot;,0.0],UNIT[&amp;quot;Meter&amp;quot;,1.0],AUTHORITY[&amp;quot;EPSG&amp;quot;,9489]]&lt;/WKT&gt;&lt;XOrigin&gt;-5120900&lt;/XOrigin&gt;&lt;YOrigin&gt;1900&lt;/YOrigin&gt;&lt;XYScale&gt;450445547.3910538&lt;/XYScale&gt;&lt;ZOrigin&gt;-100000&lt;/ZOrigin&gt;&lt;ZScale&gt;10000&lt;/ZScale&gt;&lt;MOrigin&gt;-100000&lt;/MOrigin&gt;&lt;MScale&gt;10000&lt;/MScale&gt;&lt;XYTolerance&gt;0.001&lt;/XYTolerance&gt;&lt;ZTolerance&gt;0.001&lt;/ZTolerance&gt;&lt;MTolerance&gt;0.001&lt;/MTolerance&gt;&lt;HighPrecision&gt;true&lt;/HighPrecision&gt;&lt;WKID&gt;9489&lt;/WKID&gt;&lt;LatestWKID&gt;9489&lt;/LatestWKID&gt;&lt;/ProjectedCoordinateSystem&gt;</peXml></coordRef><lineage><Process ToolSource="c:\program files\arcgis\pro\Resources\ArcToolbox\toolboxes\Data Management Tools.tbx\Merge" Date="20240902" Time="154939" Name="" export="">Merge 'ADMIN\Area Batas Wilayah Administrasi';ADMIN\BATAS_ADMINISTRASI_AR "D:\WORK\2024\BAPPEDA DIY\DATA\DATA_GEOPORTALDIY\GEOPORTALDIY.gdb\DATA\DIY_43_ADMINISTRASIKEC_AR" "NAMOBJ "Nama Objek" true true false 250 Text 0 0,First,#,ADMIN\Area Batas Wilayah Administrasi,NAMOBJ,0,249;FCODE "Feature Code" true false false 50 Text 0 0,First,#,ADMIN\Area Batas Wilayah Administrasi,FCODE,0,49;REMARK "Catatan" true true false 250 Text 0 0,First,#,ADMIN\Area Batas Wilayah Administrasi,REMARK,0,249;METADATA "METADATA" true true false 50 Text 0 0,First,#,ADMIN\Area Batas Wilayah Administrasi,METADATA,0,49;SRS_ID "Spatial Reference Spatial Identifier" true true false 50 Text 0 0,First,#,ADMIN\Area Batas Wilayah Administrasi,SRS_ID,0,49;KDBBPS "Kode BPS Kabupaten/Kota" true true false 50 Text 0 0,First,#,ADMIN\Area Batas Wilayah Administrasi,KDBBPS,0,49;KDCBPS "Kode BPS Kecamatan/Distrik" true true false 50 Text 0 0,First,#,ADMIN\Area Batas Wilayah Administrasi,KDCBPS,0,49;KDCPUM "Kode PUM Kecamatan/Distrik" true true false 50 Text 0 0,First,#,ADMIN\Area Batas Wilayah Administrasi,KDCPUM,0,49;KDEBPS "Kode BPS Kelurahan/Desa" true true false 50 Text 0 0,First,#,ADMIN\Area Batas Wilayah Administrasi,KDEBPS,0,49;KDEPUM "Kode PUM Kelurahan/Desa" true true false 50 Text 0 0,First,#,ADMIN\Area Batas Wilayah Administrasi,KDEPUM,0,49;KDPBPS "Kode BPS Provinsi" true true false 50 Text 0 0,First,#,ADMIN\Area Batas Wilayah Administrasi,KDPBPS,0,49;KDPKAB "Kode PUM Kabupaten/Kota" true true false 50 Text 0 0,First,#,ADMIN\Area Batas Wilayah Administrasi,KDPKAB,0,49;KDPPUM "Kode PUM Provinsi" true true false 50 Text 0 0,First,#,ADMIN\Area Batas Wilayah Administrasi,KDPPUM,0,49;LUASWH "Luas Wilayah Menurut Peraturan (HA)" true true false 8 Double 0 0,First,#,ADMIN\Area Batas Wilayah Administrasi,LUASWH,-1,-1;TIPADM "Tipe Administrasi" true true false 4 Long 0 0,First,#,ADMIN\Area Batas Wilayah Administrasi,TIPADM,-1,-1;WADMKC "Nama wilayah administrasi Kecamatan atau Distrik" true true false 50 Text 0 0,First,#,ADMIN\Area Batas Wilayah Administrasi,WADMKC,0,49;WADMKD "Nama wilayah administrasi Kelurahan atau Desa" true true false 50 Text 0 0,First,#,ADMIN\Area Batas Wilayah Administrasi,WADMKD,0,49;WADMKK "Nama wilayah administrasi Kebupaten/ Kota" true true false 50 Text 0 0,First,#,ADMIN\Area Batas Wilayah Administrasi,WADMKK,0,49;WADMPR "Nama wilayah administrasi Propinsi" true true false 50 Text 0 0,First,#,ADMIN\Area Batas Wilayah Administrasi,WADMPR,0,49;WIADKC "Nama wilayah induk administrasi Kecamatan/Distrik" true true false 50 Text 0 0,First,#,ADMIN\Area Batas Wilayah Administrasi,WIADKC,0,49;WIADKK "Nama wilayah induk administrasi Kebupaten/ Kota" true true false 50 Text 0 0,First,#,ADMIN\Area Batas Wilayah Administrasi,WIADKK,0,49;WIADPR "Nama wilayah induk administrasi Propinsi" true true false 50 Text 0 0,First,#,ADMIN\Area Batas Wilayah Administrasi,WIADPR,0,49;WIADKD "Nama wilayah induk administrasi Kelurahan/Desa 
" true true false 2 Short 0 0,First,#,ADMIN\Area Batas Wilayah Administrasi,WIADKD,-1,-1;SHAPE_Length "SHAPE_Length" false true true 8 Double 0 0,First,#,ADMIN\Area Batas Wilayah Administrasi,SHAPE_Length,-1,-1;SHAPE_Area "SHAPE_Area" false true true 8 Double 0 0,First,#,ADMIN\Area Batas Wilayah Administrasi,SHAPE_Area,-1,-1,ADMIN\BATAS_ADMINISTRASI_AR,Shape_Area,-1,-1;OBJECTID "OBJECTID" true true false 10 Long 0 10,First,#,ADMIN\BATAS_ADMINISTRASI_AR,OBJECTID,-1,-1;Join_Count "Join_Count" true true false 10 Long 0 10,First,#,ADMIN\BATAS_ADMINISTRASI_AR,Join_Count,-1,-1;TARGET_FID "TARGET_FID" true true false 10 Long 0 10,First,#,ADMIN\BATAS_ADMINISTRASI_AR,TARGET_FID,-1,-1;Id "Id" true true false 10 Long 0 10,First,#,ADMIN\BATAS_ADMINISTRASI_AR,Id,-1,-1;PROVINSI "PROVINSI" true true false 50 Text 0 0,First,#,ADMIN\BATAS_ADMINISTRASI_AR,PROVINSI,0,49;KABUPATEN "KABUPATEN" true true false 50 Text 0 0,First,#,ADMIN\BATAS_ADMINISTRASI_AR,KABUPATEN,0,49;KECAMATAN "KECAMATAN" true true false 50 Text 0 0,First,#,ADMIN\BATAS_ADMINISTRASI_AR,KECAMATAN,0,49;SUMBER "SUMBER" true true false 250 Text 0 0,First,#,ADMIN\BATAS_ADMINISTRASI_AR,SUMBER,0,249;ORIG_FID "ORIG_FID" true true false 10 Long 0 10,First,#,ADMIN\BATAS_ADMINISTRASI_AR,ORIG_FID,-1,-1;Shape_Leng "Shape_Leng" true true false 19 Double 0 0,First,#,ADMIN\BATAS_ADMINISTRASI_AR,Shape_Leng,-1,-1" NO_SOURCE_INFO</Process><Process ToolSource="c:\program files\arcgis\pro\Resources\ArcToolbox\toolboxes\Data Management Tools.tbx\CalculateField" Date="20240902" Time="155022" Name="" export="">CalculateField DIY_43_ADMINISTRASIKEC_AR NAMOBJ !KECAMATAN! Python # Text NO_ENFORCE_DOMAINS</Process><Process ToolSource="c:\program files\arcgis\pro\Resources\ArcToolbox\toolboxes\Data Management Tools.tbx\CalculateField" Date="20240902" Time="155103" Name="" export="">CalculateField DIY_43_ADMINISTRASIKEC_AR METADATA !SUMBER! Python # Text NO_ENFORCE_DOMAINS</Process><Process ToolSource="c:\program files\arcgis\pro\Resources\ArcToolbox\toolboxes\Data Management Tools.tbx\CalculateField" Date="20240902" Time="155114" Name="" export="">CalculateField DIY_43_ADMINISTRASIKEC_AR METADATA !SUMBER! Python # Text NO_ENFORCE_DOMAINS</Process><Process ToolSource="c:\program files\arcgis\pro\Resources\ArcToolbox\toolboxes\Data Management Tools.tbx\CalculateField" Date="20240902" Time="155505" Name="" export="">CalculateField DIY_43_ADMINISTRASIKEC_AR REMARK !SUMBER! Python # Text NO_ENFORCE_DOMAINS</Process><Process ToolSource="c:\program files\arcgis\pro\Resources\ArcToolbox\toolboxes\Data Management Tools.tbx\CalculateField" Date="20240902" Time="155549" Name="" export="">CalculateField DIY_43_ADMINISTRASIKEC_AR METADATA '' Python # Text NO_ENFORCE_DOMAINS</Process><Process ToolSource="c:\program files\arcgis\pro\Resources\ArcToolbox\toolboxes\Data Management Tools.tbx\CalculateField" Date="20240902" Time="155614" Name="" export="">CalculateField DIY_43_ADMINISTRASIKEC_AR SRS_ID 'SRGI2013 UTM49S' Python # Text NO_ENFORCE_DOMAINS</Process><Process ToolSource="c:\program files\arcgis\pro\Resources\ArcToolbox\toolboxes\Data Management Tools.tbx\CalculateField" Date="20240902" Time="155706" Name="" export="">CalculateField DIY_43_ADMINISTRASIKEC_AR WADMKC !KECAMATAN! Python # Text NO_ENFORCE_DOMAINS</Process><Process ToolSource="c:\program files\arcgis\pro\Resources\ArcToolbox\toolboxes\Data Management Tools.tbx\CalculateField" Date="20240902" Time="155729" Name="" export="">CalculateField DIY_43_ADMINISTRASIKEC_AR WADMKK !KABUPATEN! Python # Text NO_ENFORCE_DOMAINS</Process><Process ToolSource="c:\program files\arcgis\pro\Resources\ArcToolbox\toolboxes\Data Management Tools.tbx\CalculateField" Date="20240902" Time="155817" Name="" export="">CalculateField DIY_43_ADMINISTRASIKEC_AR WADMPR !PROVINSI! Python # Text NO_ENFORCE_DOMAINS</Process><Process ToolSource="c:\program files\arcgis\pro\Resources\ArcToolbox\toolboxes\Data Management Tools.tbx\DeleteField" Date="20240902" Time="155905" Name="" export="">DeleteField DIY_43_ADMINISTRASIKEC_AR OBJECTID_1;Join_Count;TARGET_FID;Id;PROVINSI;KABUPATEN;KECAMATAN;SUMBER;ORIG_FID "Delete Fields"</Process><Process ToolSource="c:\program files\arcgis\pro\Resources\ArcToolbox\toolboxes\Data Management Tools.tbx\DeleteField" Date="20240902" Time="155922" Name="" export="">DeleteField DIY_43_ADMINISTRASIKEC_AR Shape_Leng "Delete Fields"</Process><Process ToolSource="c:\program files\arcgis\pro\Resources\ArcToolbox\toolboxes\Data Management Tools.tbx\UpdateSchema" Date="20240902" Time="160308" Name="" export="">UpdateSchema "CIMDATA=&lt;CIMFeatureDatasetDataConnection xsi:type='typens:CIMFeatureDatasetDataConnection' xmlns:xsi='http://www.w3.org/2001/XMLSchema-instance' xmlns:xs='http://www.w3.org/2001/XMLSchema' xmlns:typens='http://www.esri.com/schemas/ArcGIS/3.2.0'&gt;&lt;FeatureDataset&gt;DATA&lt;/FeatureDataset&gt;&lt;WorkspaceConnectionString&gt;DATABASE=D:\WORK\2024\BAPPEDA DIY\DATA\DATA_GEOPORTALDIY\GEOPORTALDIY.gdb&lt;/WorkspaceConnectionString&gt;&lt;WorkspaceFactory&gt;FileGDB&lt;/WorkspaceFactory&gt;&lt;Dataset&gt;DIY_43_ADMINISTRASIKEC_AR&lt;/Dataset&gt;&lt;DatasetType&gt;esriDTFeatureClass&lt;/DatasetType&gt;&lt;/CIMFeatureDatasetDataConnection&gt;" &lt;operationSequence&gt;&lt;workflow&gt;&lt;AddField&gt;&lt;field_name&gt;JOIN_KEC&lt;/field_name&gt;&lt;field_type&gt;TEXT&lt;/field_type&gt;&lt;field_length&gt;250&lt;/field_length&gt;&lt;field_is_nullable&gt;True&lt;/field_is_nullable&gt;&lt;field_is_required&gt;False&lt;/field_is_required&gt;&lt;/AddField&gt;&lt;/workflow&gt;&lt;/operationSequence&gt;</Process><Process ToolSource="c:\program files\arcgis\pro\Resources\ArcToolbox\toolboxes\Data Management Tools.tbx\CalculateField" Date="20240902" Time="160330" Name="" export="">CalculateField DIY_43_ADMINISTRASIKEC_AR JOIN_KEC !WADMKK!+'_'+!WADMKC! Python # Text NO_ENFORCE_DOMAINS</Process><Process ToolSource="c:\program files\arcgis\pro\Resources\ArcToolbox\toolboxes\Data Management Tools.tbx\UpdateSchema" Date="20240902" Time="160501" Name="" export="">UpdateSchema "CIMDATA=&lt;CIMFeatureDatasetDataConnection xsi:type='typens:CIMFeatureDatasetDataConnection' xmlns:xsi='http://www.w3.org/2001/XMLSchema-instance' xmlns:xs='http://www.w3.org/2001/XMLSchema' xmlns:typens='http://www.esri.com/schemas/ArcGIS/3.2.0'&gt;&lt;FeatureDataset&gt;DATA&lt;/FeatureDataset&gt;&lt;WorkspaceConnectionString&gt;DATABASE=D:\WORK\2024\BAPPEDA DIY\DATA\DATA_GEOPORTALDIY\GEOPORTALDIY.gdb&lt;/WorkspaceConnectionString&gt;&lt;WorkspaceFactory&gt;FileGDB&lt;/WorkspaceFactory&gt;&lt;Dataset&gt;DIY_43_ADMINISTRASIKEC_AR&lt;/Dataset&gt;&lt;DatasetType&gt;esriDTFeatureClass&lt;/DatasetType&gt;&lt;/CIMFeatureDatasetDataConnection&gt;" &lt;operationSequence&gt;&lt;workflow&gt;&lt;AddField&gt;&lt;field_name&gt;JOIN_KEC2&lt;/field_name&gt;&lt;field_type&gt;TEXT&lt;/field_type&gt;&lt;field_length&gt;250&lt;/field_length&gt;&lt;field_is_nullable&gt;True&lt;/field_is_nullable&gt;&lt;field_is_required&gt;False&lt;/field_is_required&gt;&lt;/AddField&gt;&lt;/workflow&gt;&lt;/operationSequence&gt;</Process><Process ToolSource="c:\program files\arcgis\pro\Resources\ArcToolbox\toolboxes\Data Management Tools.tbx\CalculateField" Date="20240902" Time="160527" Name="" export="">CalculateField DIY_43_ADMINISTRASIKEC_AR JOIN_KEC2 !JOIN_KEC!.upper() Python # Text NO_ENFORCE_DOMAINS</Process><Process ToolSource="c:\program files\arcgis\pro\Resources\ArcToolbox\toolboxes\Data Management Tools.tbx\DeleteField" Date="20240902" Time="161057" Name="" export="">DeleteField DIY_43_ADMINISTRASIKEC_AR JOIN_KEC;JOIN_KEC2 "Delete Fields"</Process><Process ToolSource="c:\program files\arcgis\pro\Resources\ArcToolbox\Toolboxes\Data Management Tools.tbx\Rename" Date="20240903" Time="111135" Name="" export="">Rename "D:\WORK\2024\BAPPEDA DIY\DATA\DATA_GEOPORTALDIY\GEOPORTALDIY.gdb\DATA\DIY_43_ADMINISTRASIKEC_AR" "D:\WORK\2024\BAPPEDA DIY\DATA\DATA_GEOPORTALDIY\GEOPORTALDIY.gdb\DATA\DIY_34_ADMINISTRASIKEC_AR" FeatureClass</Process><Process ToolSource="c:\program files\arcgis\pro\Resources\ArcToolbox\toolboxes\Data Management Tools.tbx\CopyFeatures" Date="20240905" Time="111253" Name="" export="">CopyFeatures DIY_34_ADMINISTRASIKEC_AR "D:\WORK\2024\BAPPEDA DIY\DATA\DATA_GEOPORTALDIY\PostgreSQL-gisentdb-geodatabase(sde).sde\geodatabase.sde.ADMIN_BATASWILAYAH\geodatabase.sde.DIY_34_ADMINISTRASIKEC_AR" # # # #</Process><Process ToolSource="c:\program files\arcgis\pro\Resources\ArcToolbox\toolboxes\Conversion Tools.tbx\ExportFeatures" Date="20240918" Time="071624">ExportFeatures "EGDB DATA GEOSPASIAL 2024 \ADMIN_BATASWILAYAH\DIY_34_ADMINISTRASIKEC_AR" "D:\WORK\2024\BAPPEDA DIY\DATA\DATA OLAH\_DATA GEOPORTAL 2024\_BATAS ADMIN\DIY_34_ADMINISTRASIKEC_AR.shp" # NOT_USE_ALIAS "namobj "Nama Objek" true true false 250 Text 0 0,First,#,EGDB DATA GEOSPASIAL 2024 \ADMIN_BATASWILAYAH\DIY_34_ADMINISTRASIKEC_AR,namobj,0,249;fcode "Feature Code" true true false 50 Text 0 0,First,#,EGDB DATA GEOSPASIAL 2024 \ADMIN_BATASWILAYAH\DIY_34_ADMINISTRASIKEC_AR,fcode,0,49;remark "Catatan" true true false 250 Text 0 0,First,#,EGDB DATA GEOSPASIAL 2024 \ADMIN_BATASWILAYAH\DIY_34_ADMINISTRASIKEC_AR,remark,0,249;metadata "METADATA" true true false 50 Text 0 0,First,#,EGDB DATA GEOSPASIAL 2024 \ADMIN_BATASWILAYAH\DIY_34_ADMINISTRASIKEC_AR,metadata,0,49;srs_id "Spatial Reference Spatial Identifier" true true false 50 Text 0 0,First,#,EGDB DATA GEOSPASIAL 2024 \ADMIN_BATASWILAYAH\DIY_34_ADMINISTRASIKEC_AR,srs_id,0,49;kdbbps "Kode BPS Kabupaten/Kota" true true false 50 Text 0 0,First,#,EGDB DATA GEOSPASIAL 2024 \ADMIN_BATASWILAYAH\DIY_34_ADMINISTRASIKEC_AR,kdbbps,0,49;kdcbps "Kode BPS Kecamatan/Distrik" true true false 50 Text 0 0,First,#,EGDB DATA GEOSPASIAL 2024 \ADMIN_BATASWILAYAH\DIY_34_ADMINISTRASIKEC_AR,kdcbps,0,49;kdcpum "Kode PUM Kecamatan/Distrik" true true false 50 Text 0 0,First,#,EGDB DATA GEOSPASIAL 2024 \ADMIN_BATASWILAYAH\DIY_34_ADMINISTRASIKEC_AR,kdcpum,0,49;kdebps "Kode BPS Kelurahan/Desa" true true false 50 Text 0 0,First,#,EGDB DATA GEOSPASIAL 2024 \ADMIN_BATASWILAYAH\DIY_34_ADMINISTRASIKEC_AR,kdebps,0,49;kdepum "Kode PUM Kelurahan/Desa" true true false 50 Text 0 0,First,#,EGDB DATA GEOSPASIAL 2024 \ADMIN_BATASWILAYAH\DIY_34_ADMINISTRASIKEC_AR,kdepum,0,49;kdpbps "Kode BPS Provinsi" true true false 50 Text 0 0,First,#,EGDB DATA GEOSPASIAL 2024 \ADMIN_BATASWILAYAH\DIY_34_ADMINISTRASIKEC_AR,kdpbps,0,49;kdpkab "Kode PUM Kabupaten/Kota" true true false 50 Text 0 0,First,#,EGDB DATA GEOSPASIAL 2024 \ADMIN_BATASWILAYAH\DIY_34_ADMINISTRASIKEC_AR,kdpkab,0,49;kdppum "Kode PUM Provinsi" true true false 50 Text 0 0,First,#,EGDB DATA GEOSPASIAL 2024 \ADMIN_BATASWILAYAH\DIY_34_ADMINISTRASIKEC_AR,kdppum,0,49;luaswh "Luas Wilayah Menurut Peraturan (HA)" true true false 8 Double 8 38,First,#,EGDB DATA GEOSPASIAL 2024 \ADMIN_BATASWILAYAH\DIY_34_ADMINISTRASIKEC_AR,luaswh,-1,-1;tipadm "Tipe Administrasi" true true false 4 Long 0 10,First,#,EGDB DATA GEOSPASIAL 2024 \ADMIN_BATASWILAYAH\DIY_34_ADMINISTRASIKEC_AR,tipadm,-1,-1;wadmkc "Nama wilayah administrasi Kecamatan atau Distrik" true true false 50 Text 0 0,First,#,EGDB DATA GEOSPASIAL 2024 \ADMIN_BATASWILAYAH\DIY_34_ADMINISTRASIKEC_AR,wadmkc,0,49;wadmkd "Nama wilayah administrasi Kelurahan atau Desa" true true false 50 Text 0 0,First,#,EGDB DATA GEOSPASIAL 2024 \ADMIN_BATASWILAYAH\DIY_34_ADMINISTRASIKEC_AR,wadmkd,0,49;wadmkk "Nama wilayah administrasi Kebupaten/ Kota" true true false 50 Text 0 0,First,#,EGDB DATA GEOSPASIAL 2024 \ADMIN_BATASWILAYAH\DIY_34_ADMINISTRASIKEC_AR,wadmkk,0,49;wadmpr "Nama wilayah administrasi Propinsi" true true false 50 Text 0 0,First,#,EGDB DATA GEOSPASIAL 2024 \ADMIN_BATASWILAYAH\DIY_34_ADMINISTRASIKEC_AR,wadmpr,0,49;wiadkc "Nama wilayah induk administrasi Kecamatan/Distrik" true true false 50 Text 0 0,First,#,EGDB DATA GEOSPASIAL 2024 \ADMIN_BATASWILAYAH\DIY_34_ADMINISTRASIKEC_AR,wiadkc,0,49;wiadkk "Nama wilayah induk administrasi Kebupaten/ Kota" true true false 50 Text 0 0,First,#,EGDB DATA GEOSPASIAL 2024 \ADMIN_BATASWILAYAH\DIY_34_ADMINISTRASIKEC_AR,wiadkk,0,49;wiadpr "Nama wilayah induk administrasi Propinsi" true true false 50 Text 0 0,First,#,EGDB DATA GEOSPASIAL 2024 \ADMIN_BATASWILAYAH\DIY_34_ADMINISTRASIKEC_AR,wiadpr,0,49;wiadkd "Nama wilayah induk administrasi Kelurahan/Desa 
" true true false 2 Short 0 5,First,#,EGDB DATA GEOSPASIAL 2024 \ADMIN_BATASWILAYAH\DIY_34_ADMINISTRASIKEC_AR,wiadkd,-1,-1;st_area(shape) "st_area(shape)" false true true 0 Double 0 0,First,#,EGDB DATA GEOSPASIAL 2024 \ADMIN_BATASWILAYAH\DIY_34_ADMINISTRASIKEC_AR,st_area(shape),-1,-1;st_length(shape) "st_length(shape)" false true true 0 Double 0 0,First,#,EGDB DATA GEOSPASIAL 2024 \ADMIN_BATASWILAYAH\DIY_34_ADMINISTRASIKEC_AR,st_length(shape),-1,-1" #</Process><Process ToolSource="c:\program files\arcgis\pro\Resources\ArcToolbox\toolboxes\Data Management Tools.tbx\Rename" Date="20240918" Time="073623">Rename "D:\WORK\2024\BAPPEDA DIY\DATA\DATA OLAH\_DATA GEOPORTAL 2024\_BATAS ADMIN\DIY_34_ADMINISTRASIKEC_AR.shp" "D:\WORK\2024\BAPPEDA DIY\DATA\DATA OLAH\_DATA GEOPORTAL 2024\_BATAS ADMIN\_34_ADMINISTRASIKEC_AR.shp" ShapeFile</Process></lineage></DataProperties><SyncDate>20240918</SyncDate><SyncTime>07162300</SyncTime><ModDate>20240918</ModDate><ModTime>07162300</ModTime><scaleRange><minScale>150000000</minScale><maxScale>5000</maxScale></scaleRange><ArcGISProfile>ISO19139</ArcGISProfile></Esri><dataIdInfo><envirDesc Sync="TRUE">Microsoft Windows 10 Version 10.0 (Build 19045) ; Esri ArcGIS 13.2.0.49743</envirDesc><dataLang><languageCode value="eng" Sync="TRUE"/><countryCode value="IDN" Sync="TRUE"/></dataLang><idCitation xmlns=""><resTitle Sync="FALSE">34_ADMINISTRASIKEC_AR</resTitle><presForm xmlns=""><PresFormCd value="005" Sync="TRUE"/><fgdcGeoform>vector digital data</fgdcGeoform></presForm><resAltTitle>Batas Wilayah Administrasi Kecamatan</resAltTitle><date><createDate>2024-09-02T00:00:00</createDate><pubDate>2024-09-09T00:00:00</pubDate></date><citId xmlns=""><identCode>34_ADMINISTRASIKEC_AR</identCode><identAuth xmlns=""><resTitle>34_ADMINISTRASIKEC_AR</resTitle><resAltTitle>Batas Wilayah Administrasi Kecamatan</resAltTitle><date><createDate>2024-09-02T00:00:00</createDate><pubDate>2024-09-09T00:00:00</pubDate></date><citOnlineRes xmlns=""><linkage>https://geoportal.jogjaprov.go.id/server/rest/services/ADMIN_BATASWILAYAH/_34_ADMINISTRASIKEC_AR/MapServer/0</linkage><protocol>ESRI:ArcGIS:MapServer</protocol><appProfile>Batas Wilayah Administrasi Kecamatan</appProfile><orName>Batas Wilayah Administrasi Kecamatan</orName><orDesc>Batas Wilayah Administrasi Kecamatan</orDesc><orFunct><OnFunctCd value="002"/></orFunct></citOnlineRes></identAuth></citId></idCitation><spatRpType><SpatRepTypCd value="001" Sync="TRUE"/></spatRpType><idPurp>Batas Wilayah Administrasi</idPurp><idAbs>&lt;DIV STYLE="text-align:Left;"&gt;&lt;DIV&gt;&lt;DIV&gt;&lt;P&gt;&lt;SPAN&gt;Batas Wilayah Administrasi&lt;/SPAN&gt;&lt;/P&gt;&lt;/DIV&gt;&lt;/DIV&gt;&lt;/DIV&gt;</idAbs><idCredit>Biro Tata Pemerintahan Setda DIY; Dinas Pertanahan dan Tata Ruang DIY; Balai Penelitian, Pengembangan, dan Statistik Daerah DIY; Badan Perencanaan Pembangunan Daerah DIY</idCredit><searchKeys><keyword>Batas Wilayah Administrasi</keyword><keyword>Daerah Istimewa Yogyakarta</keyword><keyword>csw</keyword></searchKeys><dataExt xmlns=""><exDesc>Daerah Istimewa Yogyakarta</exDesc><geoEle xmlns=""><GeoBndBox><westBL>110.002504</westBL><eastBL>110.839208</eastBL><southBL>-8.204319</southBL><northBL>-7.541108</northBL></GeoBndBox></geoEle></dataExt><dataChar><CharSetCd value="004"/></dataChar><tpCat><TopicCatCd value="003"/></tpCat></dataIdInfo><mdLang><languageCode value="eng" Sync="TRUE"/><countryCode value="IDN" Sync="TRUE"/></mdLang><distInfo xmlns=""><distTranOps xmlns=""><onLineSrc xmlns=""><protocol>ESRI:ArcGIS:MapServer</protocol><appProfile>Batas Wilayah Administrasi</appProfile><orName>Batas Wilayah Administrasi</orName><orDesc>Batas Wilayah Administrasi</orDesc><orFunct><OnFunctCd value="002"/></orFunct><linkage>https://geoportal.jogjaprov.go.id/server/rest/services/ADMIN_BATASWILAYAH/_34_ADMINISTRASIKEC_AR/MapServer/0</linkage></onLineSrc><transSize Sync="TRUE">0.000</transSize></distTranOps><distFormat><formatName Sync="TRUE">Shapefile</formatName></distFormat></distInfo><mdHrLv><ScopeCd value="009" Sync="FALSE"/></mdHrLv><mdHrLvName Sync="TRUE">dataset</mdHrLvName><refSysInfo><RefSystem><refSysID><identCode code="9489" Sync="TRUE"/><idCodeSpace Sync="TRUE">EPSG</idCodeSpace><idVersion Sync="TRUE">9.9(12.8.0)</idVersion></refSysID></RefSystem></refSysInfo><spatRepInfo><VectSpatRep><geometObjs Name="DIY_34_ADMINISTRASIKEC_AR"><geoObjTyp><GeoObjTypCd value="002" Sync="TRUE"></GeoObjTypCd></geoObjTyp><geoObjCnt Sync="TRUE">0</geoObjCnt></geometObjs><topLvl><TopoLevCd value="001" Sync="TRUE"></TopoLevCd></topLvl></VectSpatRep></spatRepInfo><spdoinfo><ptvctinf><esriterm Name="DIY_34_ADMINISTRASIKEC_AR"><efeatyp Sync="TRUE">Simple</efeatyp><efeageom code="4" Sync="TRUE"></efeageom><esritopo Sync="TRUE">FALSE</esritopo><efeacnt Sync="TRUE">0</efeacnt><spindex Sync="TRUE">FALSE</spindex><linrefer Sync="TRUE">TRUE</linrefer></esriterm></ptvctinf></spdoinfo><mdDateSt Sync="TRUE">20240918</mdDateSt><mdContact xmlns=""><editorSource>external</editorSource><editorDigest>e08685401ff6acf393ee47a2cba5fd0c923fac2a</editorDigest><rpIndName>KEPALA BAPPEDA DIY</rpIndName><rpOrgName>BAPPEDA DIY</rpOrgName><editorSave>True</editorSave><displayName>KEPALA BAPPEDA DIY</displayName><role><RoleCd value="002"/></role></mdContact><mdContact xmlns=""><rpIndName>KEPALA DPTR DIY</rpIndName><rpOrgName>DPTR DIY</rpOrgName><role><RoleCd value="006"/></role></mdContact><dqInfo xmlns=""><dataLineage><statement>Batas Wilayah Administrasi</statement></dataLineage><dqScope><scpLvl><ScopeCd value="005"/></scpLvl></dqScope></dqInfo><mdFileID>34_ADMINISTRASIKEC_AR</mdFileID><mdChar><CharSetCd value="004"/></mdChar><dataSetURI>https://geoportal.jogjaprov.go.id/server/rest/services/ADMIN_BATASWILAYAH/_34_ADMINISTRASIKEC_AR/MapServer/0</dataSetURI><mdMaint xmlns=""><maintFreq><MaintFreqCd value="001"/></maintFreq></mdMaint><eainfo><detailed Name="DIY_34_ADMINISTRASIKEC_AR"><enttyp><enttypl Sync="TRUE">DIY_34_ADMINISTRASIKEC_AR</enttypl><enttypt Sync="TRUE">Feature Class</enttypt><enttypc Sync="TRUE">0</enttypc></enttyp><attr><attrlabl Sync="TRUE">FID</attrlabl><attalias Sync="TRUE">FID</attalias><attrtype Sync="TRUE">OID</attrtype><attwidth Sync="TRUE">4</attwidth><atprecis Sync="TRUE">0</atprecis><attscale Sync="TRUE">0</attscale><attrdef Sync="TRUE">Internal feature number.</attrdef><attrdefs Sync="TRUE">Esri</attrdefs><attrdomv><udom Sync="TRUE">Sequential unique whole numbers that are automatically generated.</udom></attrdomv></attr><attr><attrlabl Sync="TRUE">Shape</attrlabl><attalias Sync="TRUE">Shape</attalias><attrtype Sync="TRUE">Geometry</attrtype><attwidth Sync="TRUE">0</attwidth><atprecis Sync="TRUE">0</atprecis><attscale Sync="TRUE">0</attscale><attrdef Sync="TRUE">Feature geometry.</attrdef><attrdefs Sync="TRUE">Esri</attrdefs><attrdomv><udom Sync="TRUE">Coordinates defining the features.</udom></attrdomv></attr><attr><attrlabl Sync="TRUE">namobj</attrlabl><attalias Sync="TRUE">namobj</attalias><attrtype Sync="TRUE">String</attrtype><attwidth Sync="TRUE">250</attwidth><atprecis Sync="TRUE">0</atprecis><attscale Sync="TRUE">0</attscale></attr><attr><attrlabl Sync="TRUE">fcode</attrlabl><attalias Sync="TRUE">fcode</attalias><attrtype Sync="TRUE">String</attrtype><attwidth Sync="TRUE">50</attwidth><atprecis Sync="TRUE">0</atprecis><attscale Sync="TRUE">0</attscale></attr><attr><attrlabl Sync="TRUE">remark</attrlabl><attalias Sync="TRUE">remark</attalias><attrtype Sync="TRUE">String</attrtype><attwidth Sync="TRUE">250</attwidth><atprecis Sync="TRUE">0</atprecis><attscale Sync="TRUE">0</attscale></attr><attr><attrlabl Sync="TRUE">metadata</attrlabl><attalias Sync="TRUE">metadata</attalias><attrtype Sync="TRUE">String</attrtype><attwidth Sync="TRUE">50</attwidth><atprecis Sync="TRUE">0</atprecis><attscale Sync="TRUE">0</attscale></attr><attr><attrlabl Sync="TRUE">srs_id</attrlabl><attalias Sync="TRUE">srs_id</attalias><attrtype Sync="TRUE">String</attrtype><attwidth Sync="TRUE">50</attwidth><atprecis Sync="TRUE">0</atprecis><attscale Sync="TRUE">0</attscale></attr><attr><attrlabl Sync="TRUE">kdbbps</attrlabl><attalias Sync="TRUE">kdbbps</attalias><attrtype Sync="TRUE">String</attrtype><attwidth Sync="TRUE">50</attwidth><atprecis Sync="TRUE">0</atprecis><attscale Sync="TRUE">0</attscale></attr><attr><attrlabl Sync="TRUE">kdcbps</attrlabl><attalias Sync="TRUE">kdcbps</attalias><attrtype Sync="TRUE">String</attrtype><attwidth Sync="TRUE">50</attwidth><atprecis Sync="TRUE">0</atprecis><attscale Sync="TRUE">0</attscale></attr><attr><attrlabl Sync="TRUE">kdcpum</attrlabl><attalias Sync="TRUE">kdcpum</attalias><attrtype Sync="TRUE">String</attrtype><attwidth Sync="TRUE">50</attwidth><atprecis Sync="TRUE">0</atprecis><attscale Sync="TRUE">0</attscale></attr><attr><attrlabl Sync="TRUE">kdebps</attrlabl><attalias Sync="TRUE">kdebps</attalias><attrtype Sync="TRUE">String</attrtype><attwidth Sync="TRUE">50</attwidth><atprecis Sync="TRUE">0</atprecis><attscale Sync="TRUE">0</attscale></attr><attr><attrlabl Sync="TRUE">kdepum</attrlabl><attalias Sync="TRUE">kdepum</attalias><attrtype Sync="TRUE">String</attrtype><attwidth Sync="TRUE">50</attwidth><atprecis Sync="TRUE">0</atprecis><attscale Sync="TRUE">0</attscale></attr><attr><attrlabl Sync="TRUE">kdpbps</attrlabl><attalias Sync="TRUE">kdpbps</attalias><attrtype Sync="TRUE">String</attrtype><attwidth Sync="TRUE">50</attwidth><atprecis Sync="TRUE">0</atprecis><attscale Sync="TRUE">0</attscale></attr><attr><attrlabl Sync="TRUE">kdpkab</attrlabl><attalias Sync="TRUE">kdpkab</attalias><attrtype Sync="TRUE">String</attrtype><attwidth Sync="TRUE">50</attwidth><atprecis Sync="TRUE">0</atprecis><attscale Sync="TRUE">0</attscale></attr><attr><attrlabl Sync="TRUE">kdppum</attrlabl><attalias Sync="TRUE">kdppum</attalias><attrtype Sync="TRUE">String</attrtype><attwidth Sync="TRUE">50</attwidth><atprecis Sync="TRUE">0</atprecis><attscale Sync="TRUE">0</attscale></attr><attr><attrlabl Sync="TRUE">luaswh</attrlabl><attalias Sync="TRUE">luaswh</attalias><attrtype Sync="TRUE">Double</attrtype><attwidth Sync="TRUE">19</attwidth><atprecis Sync="TRUE">18</atprecis><attscale Sync="TRUE">8</attscale></attr><attr><attrlabl Sync="TRUE">tipadm</attrlabl><attalias Sync="TRUE">tipadm</attalias><attrtype Sync="TRUE">Integer</attrtype><attwidth Sync="TRUE">10</attwidth><atprecis Sync="TRUE">10</atprecis><attscale Sync="TRUE">0</attscale></attr><attr><attrlabl Sync="TRUE">wadmkc</attrlabl><attalias Sync="TRUE">wadmkc</attalias><attrtype Sync="TRUE">String</attrtype><attwidth Sync="TRUE">50</attwidth><atprecis Sync="TRUE">0</atprecis><attscale Sync="TRUE">0</attscale></attr><attr><attrlabl Sync="TRUE">wadmkd</attrlabl><attalias Sync="TRUE">wadmkd</attalias><attrtype Sync="TRUE">String</attrtype><attwidth Sync="TRUE">50</attwidth><atprecis Sync="TRUE">0</atprecis><attscale Sync="TRUE">0</attscale></attr><attr><attrlabl Sync="TRUE">wadmkk</attrlabl><attalias Sync="TRUE">wadmkk</attalias><attrtype Sync="TRUE">String</attrtype><attwidth Sync="TRUE">50</attwidth><atprecis Sync="TRUE">0</atprecis><attscale Sync="TRUE">0</attscale></attr><attr><attrlabl Sync="TRUE">wadmpr</attrlabl><attalias Sync="TRUE">wadmpr</attalias><attrtype Sync="TRUE">String</attrtype><attwidth Sync="TRUE">50</attwidth><atprecis Sync="TRUE">0</atprecis><attscale Sync="TRUE">0</attscale></attr><attr><attrlabl Sync="TRUE">wiadkc</attrlabl><attalias Sync="TRUE">wiadkc</attalias><attrtype Sync="TRUE">String</attrtype><attwidth Sync="TRUE">50</attwidth><atprecis Sync="TRUE">0</atprecis><attscale Sync="TRUE">0</attscale></attr><attr><attrlabl Sync="TRUE">wiadkk</attrlabl><attalias Sync="TRUE">wiadkk</attalias><attrtype Sync="TRUE">String</attrtype><attwidth Sync="TRUE">50</attwidth><atprecis Sync="TRUE">0</atprecis><attscale Sync="TRUE">0</attscale></attr><attr><attrlabl Sync="TRUE">wiadpr</attrlabl><attalias Sync="TRUE">wiadpr</attalias><attrtype Sync="TRUE">String</attrtype><attwidth Sync="TRUE">50</attwidth><atprecis Sync="TRUE">0</atprecis><attscale Sync="TRUE">0</attscale></attr><attr><attrlabl Sync="TRUE">wiadkd</attrlabl><attalias Sync="TRUE">wiadkd</attalias><attrtype Sync="TRUE">Integer</attrtype><attwidth Sync="TRUE">5</attwidth><atprecis Sync="TRUE">5</atprecis><attscale Sync="TRUE">0</attscale></attr><attr><attrlabl Sync="TRUE">st_area_sh</attrlabl><attalias Sync="TRUE">st_area_sh</attalias><attrtype Sync="TRUE">Double</attrtype><attwidth Sync="TRUE">19</attwidth><atprecis Sync="TRUE">0</atprecis><attscale Sync="TRUE">0</attscale></attr><attr><attrlabl Sync="TRUE">st_length_</attrlabl><attalias Sync="TRUE">st_length_</attalias><attrtype Sync="TRUE">Double</attrtype><attwidth Sync="TRUE">19</attwidth><atprecis Sync="TRUE">0</atprecis><attscale Sync="TRUE">0</attscale></attr></detailed></eainfo></metadata>
